loot_table_id,slug,registry_id,source_type,source_ref,world_id,roll_policy,roll_count_min,roll_count_max,first_clear_reward_id,status,tags,notes
loot_monster_mokkeda,monster_mokkeda,LUT-001,enemy,MON-001,,single_pick,1,1,,active,beast|E,legacy_alias=LUT-001
loot_monster_tagtsutsuki,monster_tagtsutsuki,LUT-002,enemy,MON-002,,single_pick,1,1,,active,bird|E,legacy_alias=LUT-002
loot_monster_yomoginame,monster_yomoginame,LUT-003,enemy,MON-003,,single_pick,1,1,,active,plant|E,legacy_alias=LUT-003
loot_monster_kagohonezumi,monster_kagohonezumi,LUT-004,enemy,MON-004,,single_pick,1,1,,active,material|E,legacy_alias=LUT-004
loot_monster_mayoikakashi,monster_mayoikakashi,LUT-005,enemy,MON-005,,single_pick,1,1,,active,material|D,legacy_alias=LUT-005
loot_monster_iwamimi,monster_iwamimi,LUT-006,enemy,MON-006,,single_pick,1,1,,active,beast|E,legacy_alias=LUT-006
loot_monster_shimerigasa,monster_shimerigasa,LUT-007,enemy,MON-007,,single_pick,1,1,,active,plant|D,legacy_alias=LUT-007
loot_monster_yubigarasu,monster_yubigarasu,LUT-008,enemy,MON-008,,single_pick,1,1,,active,bird|D,legacy_alias=LUT-008
loot_monster_shirushikui,monster_shirushikui,LUT-009,enemy,MON-009,,single_pick,1,1,,active,magic|D,legacy_alias=LUT-009
loot_monster_toumorinoko,monster_toumorinoko,LUT-010,enemy,MON-010,,single_pick,1,1,,active,divine|C,legacy_alias=LUT-010
loot_monster_chichisusuri,monster_chichisusuri,LUT-011,enemy,MON-011,,single_pick,1,1,,active,slime|E,legacy_alias=LUT-011
loot_monster_konahizume,monster_konahizume,LUT-012,enemy,MON-012,,single_pick,1,1,,active,beast|D,legacy_alias=LUT-012
loot_monster_haitosaka,monster_haitosaka,LUT-013,enemy,MON-013,,single_pick,1,1,,active,bird|D,legacy_alias=LUT-013
loot_monster_tomoshiga,monster_tomoshiga,LUT-014,enemy,MON-014,,single_pick,1,1,,active,magic|D,legacy_alias=LUT-014
loot_monster_kagiashiten,monster_kagiashiten,LUT-015,enemy,MON-015,,single_pick,1,1,,active,material|D,legacy_alias=LUT-015
loot_monster_nemuinku,monster_nemuinku,LUT-016,enemy,MON-016,,single_pick,1,1,,active,slime|D,legacy_alias=LUT-016
loot_monster_fudagani,monster_fudagani,LUT-017,enemy,MON-017,,single_pick,1,1,,active,material|D,legacy_alias=LUT-017
loot_monster_sashimisago,monster_sashimisago,LUT-018,enemy,MON-018,,single_pick,1,1,,active,bird|C,legacy_alias=LUT-018
loot_monster_ushioagito,monster_ushioagito,LUT-019,enemy,MON-019,,single_pick,1,1,,active,divine|C,legacy_alias=LUT-019
loot_monster_mumeibotaru,monster_mumeibotaru,LUT-020,enemy,MON-020,,single_pick,1,1,,active,magic|D,legacy_alias=LUT-020
loot_monster_kaorinashi,monster_kaorinashi,LUT-021,enemy,MON-021,,single_pick,1,1,,active,slime|D,legacy_alias=LUT-021
loot_monster_koegaeshi,monster_koegaeshi,LUT-022,enemy,MON-022,,single_pick,1,1,,active,plant|C,legacy_alias=LUT-022
loot_monster_kaerazujika,monster_kaerazujika,LUT-023,enemy,MON-023,,single_pick,1,1,,active,undead|C,legacy_alias=LUT-023
loot_monster_amarisuzu,monster_amarisuzu,LUT-024,enemy,MON-024,,single_pick,1,1,,active,magic|D,legacy_alias=LUT-024
loot_monster_kuguriyoshi,monster_kuguriyoshi,LUT-025,enemy,MON-025,,single_pick,1,1,,active,plant|D,legacy_alias=LUT-025
loot_monster_suzuwatari,monster_suzuwatari,LUT-026,enemy,MON-026,,single_pick,1,1,,active,bird|C,legacy_alias=LUT-026
loot_monster_shirushiari,monster_shirushiari,LUT-027,enemy,MON-027,,single_pick,1,1,,active,material|D,legacy_alias=LUT-027
loot_monster_yakunashi,monster_yakunashi,LUT-028,enemy,MON-028,,single_pick,1,1,,active,magic|C,legacy_alias=LUT-028
loot_monster_tanasuberi,monster_tanasuberi,LUT-029,enemy,MON-029,,single_pick,1,1,,active,material|C,legacy_alias=LUT-029
loot_monster_suzu_hitsuji,monster_suzu_hitsuji,LUT-030,enemy,MON-030,,single_pick,1,1,,active,beast|E,legacy_alias=LUT-030
loot_monster_yagitsume,monster_yagitsume,LUT-031,enemy,MON-031,,single_pick,1,1,,active,beast|E,legacy_alias=LUT-031
loot_monster_kayanezumi,monster_kayanezumi,LUT-032,enemy,MON-032,,single_pick,1,1,,active,beast|E,legacy_alias=LUT-032
loot_monster_fudagitsune,monster_fudagitsune,LUT-033,enemy,MON-033,,single_pick,1,1,,active,beast|E,legacy_alias=LUT-033
loot_monster_wakakoma,monster_wakakoma,LUT-034,enemy,MON-034,,single_pick,1,1,,active,beast|E,legacy_alias=LUT-034
loot_monster_tsuchimogura,monster_tsuchimogura,LUT-035,enemy,MON-035,,single_pick,1,1,,active,beast|E,legacy_alias=LUT-035
loot_monster_kubiwadanuki,monster_kubiwadanuki,LUT-036,enemy,MON-036,,single_pick,1,1,,active,beast|E,legacy_alias=LUT-036
loot_monster_honegumo,monster_honegumo,LUT-037,enemy,MON-037,,single_pick,1,1,,active,beast|E,legacy_alias=LUT-037
loot_monster_kawausobe,monster_kawausobe,LUT-038,enemy,MON-038,,single_pick,1,1,,active,beast|E,legacy_alias=LUT-038
loot_monster_sumitsuki_usagi,monster_sumitsuki_usagi,LUT-039,enemy,MON-039,,single_pick,1,1,,active,beast|E,legacy_alias=LUT-039
loot_monster_ibokojika,monster_ibokojika,LUT-040,enemy,MON-040,,single_pick,1,1,,active,beast|E,legacy_alias=LUT-040
loot_monster_hagane_harinezumi,monster_hagane_harinezumi,LUT-041,enemy,MON-041,,single_pick,1,1,,active,beast|E,legacy_alias=LUT-041
loot_monster_chichiushi_ko,monster_chichiushi_ko,LUT-042,enemy,MON-042,,single_pick,1,1,,active,beast|E,legacy_alias=LUT-042
loot_monster_akaeri_itachi,monster_akaeri_itachi,LUT-043,enemy,MON-043,,single_pick,1,1,,active,beast|E,legacy_alias=LUT-043
loot_monster_obi_yamori,monster_obi_yamori,LUT-044,enemy,MON-044,,single_pick,1,1,,active,beast|E,legacy_alias=LUT-044
loot_monster_tsuno_inoshishi,monster_tsuno_inoshishi,LUT-045,enemy,MON-045,,single_pick,1,1,,active,beast|E,legacy_alias=LUT-045
loot_monster_shiraha_mujina,monster_shiraha_mujina,LUT-046,enemy,MON-046,,single_pick,1,1,,active,beast|E,legacy_alias=LUT-046
loot_monster_niku_ookami,monster_niku_ookami,LUT-047,enemy,MON-047,,single_pick,1,1,,active,beast|D,legacy_alias=LUT-047
loot_monster_kurogane_ushi,monster_kurogane_ushi,LUT-048,enemy,MON-048,,single_pick,1,1,,active,beast|D,legacy_alias=LUT-048
loot_monster_yama_inoshishi,monster_yama_inoshishi,LUT-049,enemy,MON-049,,single_pick,1,1,,active,beast|D,legacy_alias=LUT-049
loot_monster_kumo_shika,monster_kumo_shika,LUT-050,enemy,MON-050,,single_pick,1,1,,active,beast|D,legacy_alias=LUT-050
loot_monster_suji_hyou,monster_suji_hyou,LUT-051,enemy,MON-051,,single_pick,1,1,,active,beast|D,legacy_alias=LUT-051
loot_monster_oobuchi_kitsune,monster_oobuchi_kitsune,LUT-052,enemy,MON-052,,single_pick,1,1,,active,beast|D,legacy_alias=LUT-052
loot_monster_hai_yamainu,monster_hai_yamainu,LUT-053,enemy,MON-053,,single_pick,1,1,,active,beast|D,legacy_alias=LUT-053
loot_monster_numa_wani,monster_numa_wani,LUT-054,enemy,MON-054,,single_pick,1,1,,active,beast|D,legacy_alias=LUT-054
loot_monster_tsume_anaguma,monster_tsume_anaguma,LUT-055,enemy,MON-055,,single_pick,1,1,,active,beast|D,legacy_alias=LUT-055
loot_monster_kagebashiri,monster_kagebashiri,LUT-056,enemy,MON-056,,single_pick,1,1,,active,beast|D,legacy_alias=LUT-056
loot_monster_ibuki_uma,monster_ibuki_uma,LUT-057,enemy,MON-057,,single_pick,1,1,,active,beast|D,legacy_alias=LUT-057
loot_monster_shioji_ookami,monster_shioji_ookami,LUT-058,enemy,MON-058,,single_pick,1,1,,active,beast|D,legacy_alias=LUT-058
loot_monster_kago_saru,monster_kago_saru,LUT-059,enemy,MON-059,,single_pick,1,1,,active,beast|D,legacy_alias=LUT-059
loot_monster_neri_itachi,monster_neri_itachi,LUT-060,enemy,MON-060,,single_pick,1,1,,active,beast|D,legacy_alias=LUT-060
loot_monster_tsuchi_mogura_ou,monster_tsuchi_mogura_ou,LUT-061,enemy,MON-061,,single_pick,1,1,,active,beast|D,legacy_alias=LUT-061
loot_monster_shimo_yamainu,monster_shimo_yamainu,LUT-062,enemy,MON-062,,single_pick,1,1,,active,beast|D,legacy_alias=LUT-062
loot_monster_sabi_uma,monster_sabi_uma,LUT-063,enemy,MON-063,,single_pick,1,1,,active,beast|D,legacy_alias=LUT-063
loot_monster_iwa_yamane,monster_iwa_yamane,LUT-064,enemy,MON-064,,single_pick,1,1,,active,beast|D,legacy_alias=LUT-064
loot_monster_iwa_guma,monster_iwa_guma,LUT-065,enemy,MON-065,,single_pick,1,1,,active,beast|C,legacy_alias=LUT-065
loot_monster_mon_hyou,monster_mon_hyou,LUT-066,enemy,MON-066,,single_pick,1,1,,active,beast|C,legacy_alias=LUT-066
loot_monster_tsuki_ookami,monster_tsuki_ookami,LUT-067,enemy,MON-067,,single_pick,1,1,,active,beast|C,legacy_alias=LUT-067
loot_monster_kaze_shika,monster_kaze_shika,LUT-068,enemy,MON-068,,single_pick,1,1,,active,beast|C,legacy_alias=LUT-068
loot_monster_doro_wani,monster_doro_wani,LUT-069,enemy,MON-069,,single_pick,1,1,,active,beast|C,legacy_alias=LUT-069
loot_monster_inochi_uma,monster_inochi_uma,LUT-070,enemy,MON-070,,single_pick,1,1,,active,beast|C,legacy_alias=LUT-070
loot_monster_yami_gitsune,monster_yami_gitsune,LUT-071,enemy,MON-071,,single_pick,1,1,,active,beast|C,legacy_alias=LUT-071
loot_monster_tetsu_inoshishi,monster_tetsu_inoshishi,LUT-072,enemy,MON-072,,single_pick,1,1,,active,beast|C,legacy_alias=LUT-072
loot_monster_yuki_guma,monster_yuki_guma,LUT-073,enemy,MON-073,,single_pick,1,1,,active,beast|C,legacy_alias=LUT-073
loot_monster_rai_saru,monster_rai_saru,LUT-074,enemy,MON-074,,single_pick,1,1,,active,beast|C,legacy_alias=LUT-074
loot_monster_fuinshishi,monster_fuinshishi,LUT-075,enemy,MON-075,,single_pick,1,1,,active,beast|C,legacy_alias=LUT-075
loot_monster_kawa_tatsu,monster_kawa_tatsu,LUT-076,enemy,MON-076,,single_pick,1,1,,active,beast|C,legacy_alias=LUT-076
loot_monster_kagami_shika,monster_kagami_shika,LUT-077,enemy,MON-077,,single_pick,1,1,,active,beast|C,legacy_alias=LUT-077
loot_monster_chimera_ke,monster_chimera_ke,LUT-078,enemy,MON-078,,single_pick,1,1,,active,beast|B,legacy_alias=LUT-078
loot_monster_kakei_ookami,monster_kakei_ookami,LUT-079,enemy,MON-079,,single_pick,1,1,,active,beast|B,legacy_alias=LUT-079
loot_monster_mon_guma,monster_mon_guma,LUT-080,enemy,MON-080,,single_pick,1,1,,active,beast|B,legacy_alias=LUT-080
loot_monster_soumei_uma,monster_soumei_uma,LUT-081,enemy,MON-081,,single_pick,1,1,,active,beast|B,legacy_alias=LUT-081
loot_monster_raikou_byou,monster_raikou_byou,LUT-082,enemy,MON-082,,single_pick,1,1,,active,beast|B,legacy_alias=LUT-082
loot_monster_koseki_shishi,monster_koseki_shishi,LUT-083,enemy,MON-083,,single_pick,1,1,,active,beast|B,legacy_alias=LUT-083
loot_monster_zanmei_gitsune,monster_zanmei_gitsune,LUT-084,enemy,MON-084,,single_pick,1,1,,active,beast|B,legacy_alias=LUT-084
loot_monster_katami_ushi,monster_katami_ushi,LUT-085,enemy,MON-085,,single_pick,1,1,,active,beast|B,legacy_alias=LUT-085
loot_monster_honoo_inoshishi,monster_honoo_inoshishi,LUT-086,enemy,MON-086,,single_pick,1,1,,active,beast|B,legacy_alias=LUT-086
loot_monster_hoshi_okami,monster_hoshi_okami,LUT-087,enemy,MON-087,,single_pick,1,1,,active,beast|B,legacy_alias=LUT-087
loot_monster_kekkai_juu,monster_kekkai_juu,LUT-088,enemy,MON-088,,single_pick,1,1,,active,beast|A,legacy_alias=LUT-088
loot_monster_shiro_kirin,monster_shiro_kirin,LUT-089,enemy,MON-089,,single_pick,1,1,,active,beast|A,legacy_alias=LUT-089
loot_monster_yuigon_guma,monster_yuigon_guma,LUT-090,enemy,MON-090,,single_pick,1,1,,active,beast|A,legacy_alias=LUT-090
loot_monster_zankyou_shika,monster_zankyou_shika,LUT-091,enemy,MON-091,,single_pick,1,1,,active,beast|A,legacy_alias=LUT-091
loot_monster_homura_shishi,monster_homura_shishi,LUT-092,enemy,MON-092,,single_pick,1,1,,active,beast|A,legacy_alias=LUT-092
loot_monster_kotetsu_byou,monster_kotetsu_byou,LUT-093,enemy,MON-093,,single_pick,1,1,,active,beast|A,legacy_alias=LUT-093
loot_monster_shinboku_juu,monster_shinboku_juu,LUT-094,enemy,MON-094,,single_pick,1,1,,active,beast|A,legacy_alias=LUT-094
loot_monster_seirei_okami,monster_seirei_okami,LUT-095,enemy,MON-095,,single_pick,1,1,,active,beast|S,legacy_alias=LUT-095
loot_monster_bannou_gyuuou,monster_bannou_gyuuou,LUT-096,enemy,MON-096,,single_pick,1,1,,active,beast|S,legacy_alias=LUT-096
loot_monster_tsugime_juu,monster_tsugime_juu,LUT-097,enemy,MON-097,,single_pick,1,1,,active,beast|S,legacy_alias=LUT-097
loot_monster_gen_you_shishi,monster_gen_you_shishi,LUT-098,enemy,MON-098,,single_pick,1,1,,active,beast|S,legacy_alias=LUT-098
loot_monster_warekabin,monster_warekabin,LUT-200,enemy,MON-200,,single_pick,1,1,,active,material|E,legacy_alias=LUT-200
loot_monster_sara_warabe,monster_sara_warabe,LUT-201,enemy,MON-201,,single_pick,1,1,,active,material|E,legacy_alias=LUT-201
loot_monster_kugi_nezumi,monster_kugi_nezumi,LUT-202,enemy,MON-202,,single_pick,1,1,,active,material|E,legacy_alias=LUT-202
loot_monster_tsubo_gumo,monster_tsubo_gumo,LUT-203,enemy,MON-203,,single_pick,1,1,,active,material|E,legacy_alias=LUT-203
loot_monster_hoki_usagi,monster_hoki_usagi,LUT-204,enemy,MON-204,,single_pick,1,1,,active,material|E,legacy_alias=LUT-204
loot_monster_surikogi_mushi,monster_surikogi_mushi,LUT-205,enemy,MON-205,,single_pick,1,1,,active,material|E,legacy_alias=LUT-205
loot_monster_kago_mushi,monster_kago_mushi,LUT-206,enemy,MON-206,,single_pick,1,1,,active,material|E,legacy_alias=LUT-206
loot_monster_rin_suzume,monster_rin_suzume,LUT-207,enemy,MON-207,,single_pick,1,1,,active,material|E,legacy_alias=LUT-207
loot_monster_tou_katatsumuri,monster_tou_katatsumuri,LUT-208,enemy,MON-208,,single_pick,1,1,,active,material|E,legacy_alias=LUT-208
loot_monster_chawan_gaeru,monster_chawan_gaeru,LUT-209,enemy,MON-209,,single_pick,1,1,,active,material|E,legacy_alias=LUT-209
loot_monster_tetsu_mogura,monster_tetsu_mogura,LUT-210,enemy,MON-210,,single_pick,1,1,,active,material|E,legacy_alias=LUT-210
loot_monster_kama_tonbo,monster_kama_tonbo,LUT-211,enemy,MON-211,,single_pick,1,1,,active,material|E,legacy_alias=LUT-211
loot_monster_kagi_tokage,monster_kagi_tokage,LUT-212,enemy,MON-212,,single_pick,1,1,,active,material|E,legacy_alias=LUT-212
loot_monster_kane_semi,monster_kane_semi,LUT-213,enemy,MON-213,,single_pick,1,1,,active,material|E,legacy_alias=LUT-213
loot_monster_suki_ushi,monster_suki_ushi,LUT-214,enemy,MON-214,,single_pick,1,1,,active,material|D,legacy_alias=LUT-214
loot_monster_kanatsuchi_mushi,monster_kanatsuchi_mushi,LUT-215,enemy,MON-215,,single_pick,1,1,,active,material|D,legacy_alias=LUT-215
loot_monster_hata_gumo,monster_hata_gumo,LUT-216,enemy,MON-216,,single_pick,1,1,,active,material|D,legacy_alias=LUT-216
loot_monster_usu_gaeru,monster_usu_gaeru,LUT-217,enemy,MON-217,,single_pick,1,1,,active,material|D,legacy_alias=LUT-217
loot_monster_kinuta_yamori,monster_kinuta_yamori,LUT-218,enemy,MON-218,,single_pick,1,1,,active,material|D,legacy_alias=LUT-218
loot_monster_ishi_usu_hebi,monster_ishi_usu_hebi,LUT-219,enemy,MON-219,,single_pick,1,1,,active,material|D,legacy_alias=LUT-219
loot_monster_tobira_kani,monster_tobira_kani,LUT-220,enemy,MON-220,,single_pick,1,1,,active,material|D,legacy_alias=LUT-220
loot_monster_fue_hebi,monster_fue_hebi,LUT-221,enemy,MON-221,,single_pick,1,1,,active,material|D,legacy_alias=LUT-221
loot_monster_kusari_imomushi,monster_kusari_imomushi,LUT-222,enemy,MON-222,,single_pick,1,1,,active,material|D,legacy_alias=LUT-222
loot_monster_makimono_mushi,monster_makimono_mushi,LUT-223,enemy,MON-223,,single_pick,1,1,,active,material|D,legacy_alias=LUT-223
loot_monster_nabekaburi,monster_nabekaburi,LUT-224,enemy,MON-224,,single_pick,1,1,,active,material|D,legacy_alias=LUT-224
loot_monster_jou_mushi,monster_jou_mushi,LUT-225,enemy,MON-225,,single_pick,1,1,,active,material|D,legacy_alias=LUT-225
loot_monster_choubo_tokage,monster_choubo_tokage,LUT-226,enemy,MON-226,,single_pick,1,1,,active,material|C,legacy_alias=LUT-226
loot_monster_in_kame,monster_in_kame,LUT-227,enemy,MON-227,,single_pick,1,1,,active,material|C,legacy_alias=LUT-227
loot_monster_sumi_ishi_hebi,monster_sumi_ishi_hebi,LUT-228,enemy,MON-228,,single_pick,1,1,,active,material|C,legacy_alias=LUT-228
loot_monster_fuin_suzu,monster_fuin_suzu,LUT-229,enemy,MON-229,,single_pick,1,1,,active,material|C,legacy_alias=LUT-229
loot_monster_shirushi_gani,monster_shirushi_gani,LUT-230,enemy,MON-230,,single_pick,1,1,,active,material|C,legacy_alias=LUT-230
loot_monster_hanko_mushi,monster_hanko_mushi,LUT-231,enemy,MON-231,,single_pick,1,1,,active,material|C,legacy_alias=LUT-231
loot_monster_kane_garasu,monster_kane_garasu,LUT-232,enemy,MON-232,,single_pick,1,1,,active,material|C,legacy_alias=LUT-232
loot_monster_tobira_yamori,monster_tobira_yamori,LUT-233,enemy,MON-233,,single_pick,1,1,,active,material|C,legacy_alias=LUT-233
loot_monster_tsunagi_ishi,monster_tsunagi_ishi,LUT-234,enemy,MON-234,,single_pick,1,1,,active,material|C,legacy_alias=LUT-234
loot_monster_kagura_suzu,monster_kagura_suzu,LUT-235,enemy,MON-235,,single_pick,1,1,,active,material|C,legacy_alias=LUT-235
loot_monster_kamachi_tokage,monster_kamachi_tokage,LUT-236,enemy,MON-236,,single_pick,1,1,,active,material|B,legacy_alias=LUT-236
loot_monster_hashira_kani,monster_hashira_kani,LUT-237,enemy,MON-237,,single_pick,1,1,,active,material|B,legacy_alias=LUT-237
loot_monster_magusa_ishi,monster_magusa_ishi,LUT-238,enemy,MON-238,,single_pick,1,1,,active,material|B,legacy_alias=LUT-238
loot_monster_kabe_warabe,monster_kabe_warabe,LUT-239,enemy,MON-239,,single_pick,1,1,,active,material|B,legacy_alias=LUT-239
loot_monster_jou_hebi,monster_jou_hebi,LUT-240,enemy,MON-240,,single_pick,1,1,,active,material|B,legacy_alias=LUT-240
loot_monster_shikii_same,monster_shikii_same,LUT-241,enemy,MON-241,,single_pick,1,1,,active,material|B,legacy_alias=LUT-241
loot_monster_tobira_kabe_ou,monster_tobira_kabe_ou,LUT-242,enemy,MON-242,,single_pick,1,1,,active,material|B,legacy_alias=LUT-242
loot_monster_fuin_kama,monster_fuin_kama,LUT-243,enemy,MON-243,,single_pick,1,1,,active,material|B,legacy_alias=LUT-243
loot_monster_kagi_daimyoujin,monster_kagi_daimyoujin,LUT-244,enemy,MON-244,,single_pick,1,1,,active,material|A,legacy_alias=LUT-244
loot_monster_fuin_jin,monster_fuin_jin,LUT-245,enemy,MON-245,,single_pick,1,1,,active,material|A,legacy_alias=LUT-245
loot_monster_kyoukai_bou,monster_kyoukai_bou,LUT-246,enemy,MON-246,,single_pick,1,1,,active,material|A,legacy_alias=LUT-246
loot_monster_kannuki_ou,monster_kannuki_ou,LUT-247,enemy,MON-247,,single_pick,1,1,,active,material|A,legacy_alias=LUT-247
loot_monster_tobira_kagami,monster_tobira_kagami,LUT-248,enemy,MON-248,,single_pick,1,1,,active,material|A,legacy_alias=LUT-248
loot_monster_fuin_wa,monster_fuin_wa,LUT-249,enemy,MON-249,,single_pick,1,1,,active,material|A,legacy_alias=LUT-249
loot_monster_mon_kabe_shin,monster_mon_kabe_shin,LUT-250,enemy,MON-250,,single_pick,1,1,,active,material|A,legacy_alias=LUT-250
loot_monster_tou_ishi_jin,monster_tou_ishi_jin,LUT-251,enemy,MON-251,,single_pick,1,1,,active,material|S,legacy_alias=LUT-251
loot_monster_mon_gata,monster_mon_gata,LUT-252,enemy,MON-252,,single_pick,1,1,,active,material|S,legacy_alias=LUT-252
loot_monster_fuin_tou,monster_fuin_tou,LUT-253,enemy,MON-253,,single_pick,1,1,,active,material|S,legacy_alias=LUT-253
loot_monster_keiji_ban,monster_keiji_ban,LUT-254,enemy,MON-254,,single_pick,1,1,,active,material|S,legacy_alias=LUT-254
loot_monster_sekai_tobira,monster_sekai_tobira,LUT-255,enemy,MON-255,,single_pick,1,1,,active,material|S,legacy_alias=LUT-255
loot_monster_kosuzume,monster_kosuzume,LUT-099,enemy,MON-099,,single_pick,1,1,,active,bird|E,legacy_alias=LUT-099
loot_monster_fumibato,monster_fumibato,LUT-100,enemy,MON-100,,single_pick,1,1,,active,bird|E,legacy_alias=LUT-100
loot_monster_kaketsugumi,monster_kaketsugumi,LUT-101,enemy,MON-101,,single_pick,1,1,,active,bird|E,legacy_alias=LUT-101
loot_monster_yogarasaki,monster_yogarasaki,LUT-102,enemy,MON-102,,single_pick,1,1,,active,bird|E,legacy_alias=LUT-102
loot_monster_yane_tsubame,monster_yane_tsubame,LUT-103,enemy,MON-103,,single_pick,1,1,,active,bird|E,legacy_alias=LUT-103
loot_monster_ashibuefukuro,monster_ashibuefukuro,LUT-104,enemy,MON-104,,single_pick,1,1,,active,bird|E,legacy_alias=LUT-104
loot_monster_kushisagi,monster_kushisagi,LUT-105,enemy,MON-105,,single_pick,1,1,,active,bird|E,legacy_alias=LUT-105
loot_monster_suribachi_hibari,monster_suribachi_hibari,LUT-106,enemy,MON-106,,single_pick,1,1,,active,bird|E,legacy_alias=LUT-106
loot_monster_kakine_mozuya,monster_kakine_mozuya,LUT-107,enemy,MON-107,,single_pick,1,1,,active,bird|E,legacy_alias=LUT-107
loot_monster_sumiashi_chidori,monster_sumiashi_chidori,LUT-108,enemy,MON-108,,single_pick,1,1,,active,bird|E,legacy_alias=LUT-108
loot_monster_kainagidori,monster_kainagidori,LUT-109,enemy,MON-109,,single_pick,1,1,,active,bird|E,legacy_alias=LUT-109
loot_monster_kakeraboshi,monster_kakeraboshi,LUT-110,enemy,MON-110,,single_pick,1,1,,active,bird|E,legacy_alias=LUT-110
loot_monster_fudasashi,monster_fudasashi,LUT-111,enemy,MON-111,,single_pick,1,1,,active,bird|D,legacy_alias=LUT-111
loot_monster_kaze_hayabusa,monster_kaze_hayabusa,LUT-112,enemy,MON-112,,single_pick,1,1,,active,bird|D,legacy_alias=LUT-112
loot_monster_tsugenagadori,monster_tsugenagadori,LUT-113,enemy,MON-113,,single_pick,1,1,,active,bird|D,legacy_alias=LUT-113
loot_monster_sakaime_tobi,monster_sakaime_tobi,LUT-114,enemy,MON-114,,single_pick,1,1,,active,bird|D,legacy_alias=LUT-114
loot_monster_kumorisagi,monster_kumorisagi,LUT-115,enemy,MON-115,,single_pick,1,1,,active,bird|D,legacy_alias=LUT-115
loot_monster_yomifukuro,monster_yomifukuro,LUT-116,enemy,MON-116,,single_pick,1,1,,active,bird|D,legacy_alias=LUT-116
loot_monster_tsukaimabato,monster_tsukaimabato,LUT-117,enemy,MON-117,,single_pick,1,1,,active,bird|D,legacy_alias=LUT-117
loot_monster_amagoi_tsubame,monster_amagoi_tsubame,LUT-118,enemy,MON-118,,single_pick,1,1,,active,bird|D,legacy_alias=LUT-118
loot_monster_kaimon_u,monster_kaimon_u,LUT-119,enemy,MON-119,,single_pick,1,1,,active,bird|D,legacy_alias=LUT-119
loot_monster_kasumi_suzume,monster_kasumi_suzume,LUT-120,enemy,MON-120,,single_pick,1,1,,active,bird|D,legacy_alias=LUT-120
loot_monster_otorikizutsuki,monster_otorikizutsuki,LUT-121,enemy,MON-121,,single_pick,1,1,,active,bird|C,legacy_alias=LUT-121
loot_monster_shimesagi,monster_shimesagi,LUT-122,enemy,MON-122,,single_pick,1,1,,active,bird|C,legacy_alias=LUT-122
loot_monster_fujinwashi,monster_fujinwashi,LUT-123,enemy,MON-123,,single_pick,1,1,,active,bird|C,legacy_alias=LUT-123
loot_monster_keiyakufukuro,monster_keiyakufukuro,LUT-124,enemy,MON-124,,single_pick,1,1,,active,bird|C,legacy_alias=LUT-124
loot_monster_chigiritaka,monster_chigiritaka,LUT-125,enemy,MON-125,,single_pick,1,1,,active,bird|C,legacy_alias=LUT-125
loot_monster_kazamakidori,monster_kazamakidori,LUT-126,enemy,MON-126,,single_pick,1,1,,active,bird|C,legacy_alias=LUT-126
loot_monster_fusetsubame,monster_fusetsubame,LUT-127,enemy,MON-127,,single_pick,1,1,,active,bird|C,legacy_alias=LUT-127
loot_monster_meikakkou,monster_meikakkou,LUT-128,enemy,MON-128,,single_pick,1,1,,active,bird|C,legacy_alias=LUT-128
loot_monster_arashi_hayabusa,monster_arashi_hayabusa,LUT-129,enemy,MON-129,,single_pick,1,1,,active,bird|B,legacy_alias=LUT-129
loot_monster_ushinawashi,monster_ushinawashi,LUT-130,enemy,MON-130,,single_pick,1,1,,active,bird|B,legacy_alias=LUT-130
loot_monster_hakken_tobi,monster_hakken_tobi,LUT-131,enemy,MON-131,,single_pick,1,1,,active,bird|B,legacy_alias=LUT-131
loot_monster_reishougarasu,monster_reishougarasu,LUT-132,enemy,MON-132,,single_pick,1,1,,active,bird|B,legacy_alias=LUT-132
loot_monster_fuusetsufukuro,monster_fuusetsufukuro,LUT-133,enemy,MON-133,,single_pick,1,1,,active,bird|B,legacy_alias=LUT-133
loot_monster_keiyakuwashi,monster_keiyakuwashi,LUT-134,enemy,MON-134,,single_pick,1,1,,active,bird|B,legacy_alias=LUT-134
loot_monster_zanmei_taka,monster_zanmei_taka,LUT-135,enemy,MON-135,,single_pick,1,1,,active,bird|A,legacy_alias=LUT-135
loot_monster_shinpan_washi,monster_shinpan_washi,LUT-136,enemy,MON-136,,single_pick,1,1,,active,bird|A,legacy_alias=LUT-136
loot_monster_genshifukuro,monster_genshifukuro,LUT-137,enemy,MON-137,,single_pick,1,1,,active,bird|A,legacy_alias=LUT-137
loot_monster_amatsusagi,monster_amatsusagi,LUT-138,enemy,MON-138,,single_pick,1,1,,active,bird|A,legacy_alias=LUT-138
loot_monster_tendou_karasu,monster_tendou_karasu,LUT-139,enemy,MON-139,,single_pick,1,1,,active,bird|S,legacy_alias=LUT-139
loot_monster_seikai_houou,monster_seikai_houou,LUT-140,enemy,MON-140,,single_pick,1,1,,active,bird|S,legacy_alias=LUT-140
loot_monster_tsuyu_konuka,monster_tsuyu_konuka,LUT-141,enemy,MON-141,,single_pick,1,1,,active,plant|E,legacy_alias=LUT-141
loot_monster_hishigusa,monster_hishigusa,LUT-142,enemy,MON-142,,single_pick,1,1,,active,plant|E,legacy_alias=LUT-142
loot_monster_mugikobushi,monster_mugikobushi,LUT-143,enemy,MON-143,,single_pick,1,1,,active,plant|E,legacy_alias=LUT-143
loot_monster_hotokezeri,monster_hotokezeri,LUT-144,enemy,MON-144,,single_pick,1,1,,active,plant|E,legacy_alias=LUT-144
loot_monster_kabi_warashi,monster_kabi_warashi,LUT-145,enemy,MON-145,,single_pick,1,1,,active,plant|E,legacy_alias=LUT-145
loot_monster_dotenohana,monster_dotenohana,LUT-146,enemy,MON-146,,single_pick,1,1,,active,plant|E,legacy_alias=LUT-146
loot_monster_kinokowata,monster_kinokowata,LUT-147,enemy,MON-147,,single_pick,1,1,,active,plant|E,legacy_alias=LUT-147
loot_monster_karukaya,monster_karukaya,LUT-148,enemy,MON-148,,single_pick,1,1,,active,plant|E,legacy_alias=LUT-148
loot_monster_hakasugi,monster_hakasugi,LUT-149,enemy,MON-149,,single_pick,1,1,,active,plant|E,legacy_alias=LUT-149
loot_monster_azenuna,monster_azenuna,LUT-150,enemy,MON-150,,single_pick,1,1,,active,plant|E,legacy_alias=LUT-150
loot_monster_tsurukoboshi,monster_tsurukoboshi,LUT-151,enemy,MON-151,,single_pick,1,1,,active,plant|E,legacy_alias=LUT-151
loot_monster_nukasuzume,monster_nukasuzume,LUT-152,enemy,MON-152,,single_pick,1,1,,active,plant|E,legacy_alias=LUT-152
loot_monster_dokudami_warabe,monster_dokudami_warabe,LUT-153,enemy,MON-153,,single_pick,1,1,,active,plant|D,legacy_alias=LUT-153
loot_monster_kinoko_boushi,monster_kinoko_boushi,LUT-154,enemy,MON-154,,single_pick,1,1,,active,plant|D,legacy_alias=LUT-154
loot_monster_tsutakatsura,monster_tsutakatsura,LUT-155,enemy,MON-155,,single_pick,1,1,,active,plant|D,legacy_alias=LUT-155
loot_monster_hanatabane,monster_hanatabane,LUT-156,enemy,MON-156,,single_pick,1,1,,active,plant|D,legacy_alias=LUT-156
loot_monster_ashikabi,monster_ashikabi,LUT-157,enemy,MON-157,,single_pick,1,1,,active,plant|D,legacy_alias=LUT-157
loot_monster_meotosugi,monster_meotosugi,LUT-158,enemy,MON-158,,single_pick,1,1,,active,plant|D,legacy_alias=LUT-158
loot_monster_kuchinahana,monster_kuchinahana,LUT-159,enemy,MON-159,,single_pick,1,1,,active,plant|D,legacy_alias=LUT-159
loot_monster_yadorigi_warashi,monster_yadorigi_warashi,LUT-160,enemy,MON-160,,single_pick,1,1,,active,plant|D,legacy_alias=LUT-160
loot_monster_tsunomigusa,monster_tsunomigusa,LUT-161,enemy,MON-161,,single_pick,1,1,,active,plant|D,legacy_alias=LUT-161
loot_monster_shimekusa,monster_shimekusa,LUT-162,enemy,MON-162,,single_pick,1,1,,active,plant|D,legacy_alias=LUT-162
loot_monster_hokora_koke,monster_hokora_koke,LUT-163,enemy,MON-163,,single_pick,1,1,,active,plant|C,legacy_alias=LUT-163
loot_monster_nemurinone,monster_nemurinone,LUT-164,enemy,MON-164,,single_pick,1,1,,active,plant|C,legacy_alias=LUT-164
loot_monster_shirushigusa,monster_shirushigusa,LUT-165,enemy,MON-165,,single_pick,1,1,,active,plant|C,legacy_alias=LUT-165
loot_monster_tsurukuguri,monster_tsurukuguri,LUT-166,enemy,MON-166,,single_pick,1,1,,active,plant|C,legacy_alias=LUT-166
loot_monster_oroshikusa,monster_oroshikusa,LUT-167,enemy,MON-167,,single_pick,1,1,,active,plant|C,legacy_alias=LUT-167
loot_monster_furukimori,monster_furukimori,LUT-168,enemy,MON-168,,single_pick,1,1,,active,plant|C,legacy_alias=LUT-168
loot_monster_hanagui,monster_hanagui,LUT-169,enemy,MON-169,,single_pick,1,1,,active,plant|C,legacy_alias=LUT-169
loot_monster_yukashida,monster_yukashida,LUT-170,enemy,MON-170,,single_pick,1,1,,active,plant|C,legacy_alias=LUT-170
loot_monster_kiseikikusa,monster_kiseikikusa,LUT-171,enemy,MON-171,,single_pick,1,1,,active,plant|B,legacy_alias=LUT-171
loot_monster_naki_hanazono,monster_naki_hanazono,LUT-172,enemy,MON-172,,single_pick,1,1,,active,plant|B,legacy_alias=LUT-172
loot_monster_tetsu_matsu,monster_tetsu_matsu,LUT-173,enemy,MON-173,,single_pick,1,1,,active,plant|B,legacy_alias=LUT-173
loot_monster_myakukon,monster_myakukon,LUT-174,enemy,MON-174,,single_pick,1,1,,active,plant|B,legacy_alias=LUT-174
loot_monster_kusanagi_tsuru,monster_kusanagi_tsuru,LUT-175,enemy,MON-175,,single_pick,1,1,,active,plant|B,legacy_alias=LUT-175
loot_monster_kinshi_bashira,monster_kinshi_bashira,LUT-176,enemy,MON-176,,single_pick,1,1,,active,plant|B,legacy_alias=LUT-176
loot_monster_shinboku_sugi,monster_shinboku_sugi,LUT-177,enemy,MON-177,,single_pick,1,1,,active,plant|A,legacy_alias=LUT-177
loot_monster_kioku_no_hana,monster_kioku_no_hana,LUT-178,enemy,MON-178,,single_pick,1,1,,active,plant|A,legacy_alias=LUT-178
loot_monster_kokuin_no_ki,monster_kokuin_no_ki,LUT-179,enemy,MON-179,,single_pick,1,1,,active,plant|A,legacy_alias=LUT-179
loot_monster_taiju_kon,monster_taiju_kon,LUT-180,enemy,MON-180,,single_pick,1,1,,active,plant|A,legacy_alias=LUT-180
loot_monster_zankyou_bana,monster_zankyou_bana,LUT-181,enemy,MON-181,,single_pick,1,1,,active,plant|A,legacy_alias=LUT-181
loot_monster_taikonboku,monster_taikonboku,LUT-182,enemy,MON-182,,single_pick,1,1,,active,plant|S,legacy_alias=LUT-182
loot_monster_seirei_no_hana,monster_seirei_no_hana,LUT-183,enemy,MON-183,,single_pick,1,1,,active,plant|S,legacy_alias=LUT-183
loot_monster_genshi_kinoko,monster_genshi_kinoko,LUT-184,enemy,MON-184,,single_pick,1,1,,active,plant|S,legacy_alias=LUT-184
loot_monster_hitodama_ko,monster_hitodama_ko,LUT-260,enemy,MON-260,,single_pick,1,1,,active,magic|E,legacy_alias=LUT-260
loot_monster_hokori_maki,monster_hokori_maki,LUT-261,enemy,MON-261,,single_pick,1,1,,active,magic|E,legacy_alias=LUT-261
loot_monster_sumi_dama,monster_sumi_dama,LUT-262,enemy,MON-262,,single_pick,1,1,,active,magic|E,legacy_alias=LUT-262
loot_monster_kagami_hibi,monster_kagami_hibi,LUT-263,enemy,MON-263,,single_pick,1,1,,active,magic|E,legacy_alias=LUT-263
loot_monster_kage_nezumi,monster_kage_nezumi,LUT-264,enemy,MON-264,,single_pick,1,1,,active,magic|E,legacy_alias=LUT-264
loot_monster_utsurou_hi,monster_utsurou_hi,LUT-265,enemy,MON-265,,single_pick,1,1,,active,magic|E,legacy_alias=LUT-265
loot_monster_hibiki_mushi,monster_hibiki_mushi,LUT-266,enemy,MON-266,,single_pick,1,1,,active,magic|E,legacy_alias=LUT-266
loot_monster_yuge_dama,monster_yuge_dama,LUT-267,enemy,MON-267,,single_pick,1,1,,active,magic|E,legacy_alias=LUT-267
loot_monster_kage_chou,monster_kage_chou,LUT-268,enemy,MON-268,,single_pick,1,1,,active,magic|E,legacy_alias=LUT-268
loot_monster_shiratama,monster_shiratama,LUT-269,enemy,MON-269,,single_pick,1,1,,active,magic|E,legacy_alias=LUT-269
loot_monster_suna_kemuri,monster_suna_kemuri,LUT-270,enemy,MON-270,,single_pick,1,1,,active,magic|E,legacy_alias=LUT-270
loot_monster_nijimi_bo,monster_nijimi_bo,LUT-271,enemy,MON-271,,single_pick,1,1,,active,magic|E,legacy_alias=LUT-271
loot_monster_in_kage,monster_in_kage,LUT-272,enemy,MON-272,,single_pick,1,1,,active,magic|D,legacy_alias=LUT-272
loot_monster_fushi_men,monster_fushi_men,LUT-273,enemy,MON-273,,single_pick,1,1,,active,magic|D,legacy_alias=LUT-273
loot_monster_kikai_mon,monster_kikai_mon,LUT-274,enemy,MON-274,,single_pick,1,1,,active,magic|D,legacy_alias=LUT-274
loot_monster_kage_tori,monster_kage_tori,LUT-275,enemy,MON-275,,single_pick,1,1,,active,magic|D,legacy_alias=LUT-275
loot_monster_en_mushi,monster_en_mushi,LUT-276,enemy,MON-276,,single_pick,1,1,,active,magic|D,legacy_alias=LUT-276
loot_monster_hi_suzume,monster_hi_suzume,LUT-277,enemy,MON-277,,single_pick,1,1,,active,magic|D,legacy_alias=LUT-277
loot_monster_tsuki_kage,monster_tsuki_kage,LUT-278,enemy,MON-278,,single_pick,1,1,,active,magic|D,legacy_alias=LUT-278
loot_monster_kodama_bo,monster_kodama_bo,LUT-279,enemy,MON-279,,single_pick,1,1,,active,magic|D,legacy_alias=LUT-279
loot_monster_kakimon_hebi,monster_kakimon_hebi,LUT-280,enemy,MON-280,,single_pick,1,1,,active,magic|D,legacy_alias=LUT-280
loot_monster_hibana_chou,monster_hibana_chou,LUT-281,enemy,MON-281,,single_pick,1,1,,active,magic|D,legacy_alias=LUT-281
loot_monster_na_utsushi,monster_na_utsushi,LUT-282,enemy,MON-282,,single_pick,1,1,,active,magic|C,legacy_alias=LUT-282
loot_monster_daichou_kage,monster_daichou_kage,LUT-283,enemy,MON-283,,single_pick,1,1,,active,magic|C,legacy_alias=LUT-283
loot_monster_mei_dama,monster_mei_dama,LUT-284,enemy,MON-284,,single_pick,1,1,,active,magic|C,legacy_alias=LUT-284
loot_monster_kage_ayatsuri,monster_kage_ayatsuri,LUT-285,enemy,MON-285,,single_pick,1,1,,active,magic|C,legacy_alias=LUT-285
loot_monster_shirushi_hi,monster_shirushi_hi,LUT-286,enemy,MON-286,,single_pick,1,1,,active,magic|C,legacy_alias=LUT-286
loot_monster_utsushi_kagami,monster_utsushi_kagami,LUT-287,enemy,MON-287,,single_pick,1,1,,active,magic|C,legacy_alias=LUT-287
loot_monster_koe_dama,monster_koe_dama,LUT-288,enemy,MON-288,,single_pick,1,1,,active,magic|C,legacy_alias=LUT-288
loot_monster_mon_hari,monster_mon_hari,LUT-289,enemy,MON-289,,single_pick,1,1,,active,magic|C,legacy_alias=LUT-289
loot_monster_kiri_kage,monster_kiri_kage,LUT-290,enemy,MON-290,,single_pick,1,1,,active,magic|C,legacy_alias=LUT-290
loot_monster_roku_dama,monster_roku_dama,LUT-291,enemy,MON-291,,single_pick,1,1,,active,magic|C,legacy_alias=LUT-291
loot_monster_kodama_koe,monster_kodama_koe,LUT-292,enemy,MON-292,,single_pick,1,1,,active,magic|B,legacy_alias=LUT-292
loot_monster_utsushi_mi,monster_utsushi_mi,LUT-293,enemy,MON-293,,single_pick,1,1,,active,magic|B,legacy_alias=LUT-293
loot_monster_kage_mi,monster_kage_mi,LUT-294,enemy,MON-294,,single_pick,1,1,,active,magic|B,legacy_alias=LUT-294
loot_monster_zanmei_hi,monster_zanmei_hi,LUT-295,enemy,MON-295,,single_pick,1,1,,active,magic|B,legacy_alias=LUT-295
loot_monster_hibiki_kabe,monster_hibiki_kabe,LUT-296,enemy,MON-296,,single_pick,1,1,,active,magic|B,legacy_alias=LUT-296
loot_monster_fuin_mon,monster_fuin_mon,LUT-297,enemy,MON-297,,single_pick,1,1,,active,magic|B,legacy_alias=LUT-297
loot_monster_zankyou_me,monster_zankyou_me,LUT-298,enemy,MON-298,,single_pick,1,1,,active,magic|B,legacy_alias=LUT-298
loot_monster_kakikaeshi,monster_kakikaeshi,LUT-299,enemy,MON-299,,single_pick,1,1,,active,magic|B,legacy_alias=LUT-299
loot_monster_mon_hikari,monster_mon_hikari,LUT-300,enemy,MON-300,,single_pick,1,1,,active,magic|A,legacy_alias=LUT-300
loot_monster_sekai_hibi,monster_sekai_hibi,LUT-301,enemy,MON-301,,single_pick,1,1,,active,magic|A,legacy_alias=LUT-301
loot_monster_tsugi_hikari,monster_tsugi_hikari,LUT-302,enemy,MON-302,,single_pick,1,1,,active,magic|A,legacy_alias=LUT-302
loot_monster_na_omomi,monster_na_omomi,LUT-303,enemy,MON-303,,single_pick,1,1,,active,magic|A,legacy_alias=LUT-303
loot_monster_kyoukai_me,monster_kyoukai_me,LUT-304,enemy,MON-304,,single_pick,1,1,,active,magic|A,legacy_alias=LUT-304
loot_monster_zankyou_nushi,monster_zankyou_nushi,LUT-305,enemy,MON-305,,single_pick,1,1,,active,magic|A,legacy_alias=LUT-305
loot_monster_mon_koe,monster_mon_koe,LUT-306,enemy,MON-306,,single_pick,1,1,,active,magic|A,legacy_alias=LUT-306
loot_monster_shijima,monster_shijima,LUT-307,enemy,MON-307,,single_pick,1,1,,active,magic|S,legacy_alias=LUT-307
loot_monster_kazoe_nushi,monster_kazoe_nushi,LUT-308,enemy,MON-308,,single_pick,1,1,,active,magic|S,legacy_alias=LUT-308
loot_monster_na_no_omosa,monster_na_no_omosa,LUT-309,enemy,MON-309,,single_pick,1,1,,active,magic|S,legacy_alias=LUT-309
loot_monster_sekai_zankyou,monster_sekai_zankyou,LUT-310,enemy,MON-310,,single_pick,1,1,,active,magic|S,legacy_alias=LUT-310
loot_monster_karabune_nezumi,monster_karabune_nezumi,LUT-320,enemy,MON-320,,single_pick,1,1,,active,undead|E,legacy_alias=LUT-320
loot_monster_hoshibi_kakashi,monster_hoshibi_kakashi,LUT-321,enemy,MON-321,,single_pick,1,1,,active,undead|E,legacy_alias=LUT-321
loot_monster_karaga_mushi,monster_karaga_mushi,LUT-322,enemy,MON-322,,single_pick,1,1,,active,undead|E,legacy_alias=LUT-322
loot_monster_kawaki_kaeru,monster_kawaki_kaeru,LUT-323,enemy,MON-323,,single_pick,1,1,,active,undead|E,legacy_alias=LUT-323
loot_monster_useiro_suzume,monster_useiro_suzume,LUT-324,enemy,MON-324,,single_pick,1,1,,active,undead|E,legacy_alias=LUT-324
loot_monster_honekago,monster_honekago,LUT-325,enemy,MON-325,,single_pick,1,1,,active,undead|E,legacy_alias=LUT-325
loot_monster_kuchita_hebi,monster_kuchita_hebi,LUT-326,enemy,MON-326,,single_pick,1,1,,active,undead|E,legacy_alias=LUT-326
loot_monster_sabiha_chou,monster_sabiha_chou,LUT-327,enemy,MON-327,,single_pick,1,1,,active,undead|E,legacy_alias=LUT-327
loot_monster_karakubi_niwatori,monster_karakubi_niwatori,LUT-328,enemy,MON-328,,single_pick,1,1,,active,undead|E,legacy_alias=LUT-328
loot_monster_kareha_mogura,monster_kareha_mogura,LUT-329,enemy,MON-329,,single_pick,1,1,,active,undead|E,legacy_alias=LUT-329
loot_monster_hone_atsumeya,monster_hone_atsumeya,LUT-330,enemy,MON-330,,single_pick,1,1,,active,undead|D,legacy_alias=LUT-330
loot_monster_bochi_inu,monster_bochi_inu,LUT-331,enemy,MON-331,,single_pick,1,1,,active,undead|D,legacy_alias=LUT-331
loot_monster_kaigarami,monster_kaigarami,LUT-332,enemy,MON-332,,single_pick,1,1,,active,undead|D,legacy_alias=LUT-332
loot_monster_wasure_ushi,monster_wasure_ushi,LUT-333,enemy,MON-333,,single_pick,1,1,,active,undead|D,legacy_alias=LUT-333
loot_monster_sabi_yoroi_mushi,monster_sabi_yoroi_mushi,LUT-334,enemy,MON-334,,single_pick,1,1,,active,undead|D,legacy_alias=LUT-334
loot_monster_yuurei_neko,monster_yuurei_neko,LUT-335,enemy,MON-335,,single_pick,1,1,,active,undead|D,legacy_alias=LUT-335
loot_monster_kuchiha_uma,monster_kuchiha_uma,LUT-336,enemy,MON-336,,single_pick,1,1,,active,undead|D,legacy_alias=LUT-336
loot_monster_kairou_gani,monster_kairou_gani,LUT-337,enemy,MON-337,,single_pick,1,1,,active,undead|D,legacy_alias=LUT-337
loot_monster_meibo_aruki,monster_meibo_aruki,LUT-338,enemy,MON-338,,single_pick,1,1,,active,undead|C,legacy_alias=LUT-338
loot_monster_keshimoji,monster_keshimoji,LUT-339,enemy,MON-339,,single_pick,1,1,,active,undead|C,legacy_alias=LUT-339
loot_monster_koseki_yuurei,monster_koseki_yuurei,LUT-340,enemy,MON-340,,single_pick,1,1,,active,undead|C,legacy_alias=LUT-340
loot_monster_insatsu_no_kage,monster_insatsu_no_kage,LUT-341,enemy,MON-341,,single_pick,1,1,,active,undead|C,legacy_alias=LUT-341
loot_monster_shirube_gaikotsu,monster_shirube_gaikotsu,LUT-342,enemy,MON-342,,single_pick,1,1,,active,undead|C,legacy_alias=LUT-342
loot_monster_sougi_ningyou,monster_sougi_ningyou,LUT-343,enemy,MON-343,,single_pick,1,1,,active,undead|C,legacy_alias=LUT-343
loot_monster_oborozuki_garasu,monster_oborozuki_garasu,LUT-344,enemy,MON-344,,single_pick,1,1,,active,undead|C,legacy_alias=LUT-344
loot_monster_kiroku_hakaai,monster_kiroku_hakaai,LUT-345,enemy,MON-345,,single_pick,1,1,,active,undead|C,legacy_alias=LUT-345
loot_monster_zanmei_yoroi,monster_zanmei_yoroi,LUT-346,enemy,MON-346,,single_pick,1,1,,active,undead|B,legacy_alias=LUT-346
loot_monster_kioku_hakobune,monster_kioku_hakobune,LUT-347,enemy,MON-347,,single_pick,1,1,,active,undead|B,legacy_alias=LUT-347
loot_monster_fumei_enma,monster_fumei_enma,LUT-348,enemy,MON-348,,single_pick,1,1,,active,undead|B,legacy_alias=LUT-348
loot_monster_ruiseki_gashadokuro,monster_ruiseki_gashadokuro,LUT-349,enemy,MON-349,,single_pick,1,1,,active,undead|B,legacy_alias=LUT-349
loot_monster_kasane_hitsugi,monster_kasane_hitsugi,LUT-350,enemy,MON-350,,single_pick,1,1,,active,undead|B,legacy_alias=LUT-350
loot_monster_tsumi_meibo,monster_tsumi_meibo,LUT-351,enemy,MON-351,,single_pick,1,1,,active,undead|B,legacy_alias=LUT-351
loot_monster_wasureji_no_mure,monster_wasureji_no_mure,LUT-352,enemy,MON-352,,single_pick,1,1,,active,undead|A,legacy_alias=LUT-352
loot_monster_shoumei_naki_ou,monster_shoumei_naki_ou,LUT-353,enemy,MON-353,,single_pick,1,1,,active,undead|A,legacy_alias=LUT-353
loot_monster_sourei_hashira,monster_sourei_hashira,LUT-354,enemy,MON-354,,single_pick,1,1,,active,undead|A,legacy_alias=LUT-354
loot_monster_mumei_gunsei,monster_mumei_gunsei,LUT-355,enemy,MON-355,,single_pick,1,1,,active,undead|A,legacy_alias=LUT-355
loot_monster_bochi_no_kioku,monster_bochi_no_kioku,LUT-356,enemy,MON-356,,single_pick,1,1,,active,undead|A,legacy_alias=LUT-356
loot_monster_fumeiroku,monster_fumeiroku,LUT-357,enemy,MON-357,,single_pick,1,1,,active,undead|S,legacy_alias=LUT-357
loot_monster_muen_butsu,monster_muen_butsu,LUT-358,enemy,MON-358,,single_pick,1,1,,active,undead|S,legacy_alias=LUT-358
loot_monster_kesu_mono,monster_kesu_mono,LUT-359,enemy,MON-359,,single_pick,1,1,,active,undead|S,legacy_alias=LUT-359
loot_monster_koishitokage,monster_koishitokage,LUT-370,enemy,MON-370,,single_pick,1,1,,active,dragon|E,legacy_alias=LUT-370
loot_monster_fude_imori,monster_fude_imori,LUT-371,enemy,MON-371,,single_pick,1,1,,active,dragon|E,legacy_alias=LUT-371
loot_monster_suzumi_hebi,monster_suzumi_hebi,LUT-372,enemy,MON-372,,single_pick,1,1,,active,dragon|E,legacy_alias=LUT-372
loot_monster_iwa_yamori,monster_iwa_yamori,LUT-373,enemy,MON-373,,single_pick,1,1,,active,dragon|E,legacy_alias=LUT-373
loot_monster_kawarakuchi,monster_kawarakuchi,LUT-374,enemy,MON-374,,single_pick,1,1,,active,dragon|E,legacy_alias=LUT-374
loot_monster_uroko_sanagi,monster_uroko_sanagi,LUT-375,enemy,MON-375,,single_pick,1,1,,active,dragon|E,legacy_alias=LUT-375
loot_monster_tsuiseki_tokage,monster_tsuiseki_tokage,LUT-376,enemy,MON-376,,single_pick,1,1,,active,dragon|E,legacy_alias=LUT-376
loot_monster_mizuchi_ko,monster_mizuchi_ko,LUT-377,enemy,MON-377,,single_pick,1,1,,active,dragon|E,legacy_alias=LUT-377
loot_monster_nawabari_drake,monster_nawabari_drake,LUT-378,enemy,MON-378,,single_pick,1,1,,active,dragon|D,legacy_alias=LUT-378
loot_monster_shirushi_wyvern,monster_shirushi_wyvern,LUT-379,enemy,MON-379,,single_pick,1,1,,active,dragon|D,legacy_alias=LUT-379
loot_monster_ganseki_ryuu,monster_ganseki_ryuu,LUT-380,enemy,MON-380,,single_pick,1,1,,active,dragon|D,legacy_alias=LUT-380
loot_monster_doku_naga,monster_doku_naga,LUT-381,enemy,MON-381,,single_pick,1,1,,active,dragon|D,legacy_alias=LUT-381
loot_monster_himon_drake,monster_himon_drake,LUT-382,enemy,MON-382,,single_pick,1,1,,active,dragon|D,legacy_alias=LUT-382
loot_monster_kawa_tatsu_ryu,monster_kawa_tatsu_ryu,LUT-383,enemy,MON-383,,single_pick,1,1,,active,dragon|D,legacy_alias=LUT-383
loot_monster_kemuri_ryuu,monster_kemuri_ryuu,LUT-384,enemy,MON-384,,single_pick,1,1,,active,dragon|D,legacy_alias=LUT-384
loot_monster_mon_tatsu,monster_mon_tatsu,LUT-385,enemy,MON-385,,single_pick,1,1,,active,dragon|D,legacy_alias=LUT-385
loot_monster_uroko_mon,monster_uroko_mon,LUT-386,enemy,MON-386,,single_pick,1,1,,active,dragon|C,legacy_alias=LUT-386
loot_monster_chi_no_ryuu,monster_chi_no_ryuu,LUT-387,enemy,MON-387,,single_pick,1,1,,active,dragon|C,legacy_alias=LUT-387
loot_monster_fuuin_ja,monster_fuuin_ja,LUT-388,enemy,MON-388,,single_pick,1,1,,active,dragon|C,legacy_alias=LUT-388
loot_monster_kiri_wyvern,monster_kiri_wyvern,LUT-389,enemy,MON-389,,single_pick,1,1,,active,dragon|C,legacy_alias=LUT-389
loot_monster_gyoku_ryuu,monster_gyoku_ryuu,LUT-390,enemy,MON-390,,single_pick,1,1,,active,dragon|C,legacy_alias=LUT-390
loot_monster_toki_no_ja,monster_toki_no_ja,LUT-391,enemy,MON-391,,single_pick,1,1,,active,dragon|C,legacy_alias=LUT-391
loot_monster_rekishi_drake,monster_rekishi_drake,LUT-392,enemy,MON-392,,single_pick,1,1,,active,dragon|C,legacy_alias=LUT-392
loot_monster_tetsu_ryuu,monster_tetsu_ryuu,LUT-393,enemy,MON-393,,single_pick,1,1,,active,dragon|C,legacy_alias=LUT-393
loot_monster_chourou_ryuu,monster_chourou_ryuu,LUT-394,enemy,MON-394,,single_pick,1,1,,active,dragon|B,legacy_alias=LUT-394
loot_monster_higyoku_ryuu,monster_higyoku_ryuu,LUT-395,enemy,MON-395,,single_pick,1,1,,active,dragon|B,legacy_alias=LUT-395
loot_monster_kairo_ryuu,monster_kairo_ryuu,LUT-396,enemy,MON-396,,single_pick,1,1,,active,dragon|B,legacy_alias=LUT-396
loot_monster_inochi_ryuu,monster_inochi_ryuu,LUT-397,enemy,MON-397,,single_pick,1,1,,active,dragon|B,legacy_alias=LUT-397
loot_monster_meikoku_ryuu,monster_meikoku_ryuu,LUT-398,enemy,MON-398,,single_pick,1,1,,active,dragon|B,legacy_alias=LUT-398
loot_monster_sennen_naga,monster_sennen_naga,LUT-399,enemy,MON-399,,single_pick,1,1,,active,dragon|B,legacy_alias=LUT-399
loot_monster_genwaku_ryuu,monster_genwaku_ryuu,LUT-400,enemy,MON-400,,single_pick,1,1,,active,dragon|B,legacy_alias=LUT-400
loot_monster_shinwa_ryuuou,monster_shinwa_ryuuou,LUT-401,enemy,MON-401,,single_pick,1,1,,active,dragon|B,legacy_alias=LUT-401
loot_monster_kodai_ouja,monster_kodai_ouja,LUT-402,enemy,MON-402,,single_pick,1,1,,active,dragon|A,legacy_alias=LUT-402
loot_monster_mugen_naga,monster_mugen_naga,LUT-403,enemy,MON-403,,single_pick,1,1,,active,dragon|A,legacy_alias=LUT-403
loot_monster_metsubou_ryuu,monster_metsubou_ryuu,LUT-404,enemy,MON-404,,single_pick,1,1,,active,dragon|A,legacy_alias=LUT-404
loot_monster_sekai_ryuu,monster_sekai_ryuu,LUT-405,enemy,MON-405,,single_pick,1,1,,active,dragon|A,legacy_alias=LUT-405
loot_monster_genshi_ryuu,monster_genshi_ryuu,LUT-406,enemy,MON-406,,single_pick,1,1,,active,dragon|A,legacy_alias=LUT-406
loot_monster_tsukiyo_ryuu,monster_tsukiyo_ryuu,LUT-407,enemy,MON-407,,single_pick,1,1,,active,dragon|A,legacy_alias=LUT-407
loot_monster_sekitsui_ryuu,monster_sekitsui_ryuu,LUT-408,enemy,MON-408,,single_pick,1,1,,active,dragon|S,legacy_alias=LUT-408
loot_monster_shin_en_ryuu,monster_shin_en_ryuu,LUT-409,enemy,MON-409,,single_pick,1,1,,active,dragon|S,legacy_alias=LUT-409
loot_monster_genshi_ouryuu,monster_genshi_ouryuu,LUT-410,enemy,MON-410,,single_pick,1,1,,active,dragon|S,legacy_alias=LUT-410
loot_monster_hodoke_ryuu,monster_hodoke_ryuu,LUT-411,enemy,MON-411,,single_pick,1,1,,active,dragon|S,legacy_alias=LUT-411
loot_monster_hokora_usagi,monster_hokora_usagi,LUT-420,enemy,MON-420,,single_pick,1,1,,active,divine|E,legacy_alias=LUT-420
loot_monster_inori_suzume,monster_inori_suzume,LUT-421,enemy,MON-421,,single_pick,1,1,,active,divine|E,legacy_alias=LUT-421
loot_monster_sonae_tanuki,monster_sonae_tanuki,LUT-422,enemy,MON-422,,single_pick,1,1,,active,divine|E,legacy_alias=LUT-422
loot_monster_shizuka_kame,monster_shizuka_kame,LUT-423,enemy,MON-423,,single_pick,1,1,,active,divine|E,legacy_alias=LUT-423
loot_monster_chouchin_hotaru,monster_chouchin_hotaru,LUT-424,enemy,MON-424,,single_pick,1,1,,active,divine|E,legacy_alias=LUT-424
loot_monster_iwaza_kitsune,monster_iwaza_kitsune,LUT-425,enemy,MON-425,,single_pick,1,1,,active,divine|E,legacy_alias=LUT-425
loot_monster_sakaki_mushi,monster_sakaki_mushi,LUT-426,enemy,MON-426,,single_pick,1,1,,active,divine|E,legacy_alias=LUT-426
loot_monster_ishi_fukurou,monster_ishi_fukurou,LUT-427,enemy,MON-427,,single_pick,1,1,,active,divine|E,legacy_alias=LUT-427
loot_monster_kaimon_gaeru,monster_kaimon_gaeru,LUT-428,enemy,MON-428,,single_pick,1,1,,active,divine|D,legacy_alias=LUT-428
loot_monster_hyoushiki_hebi,monster_hyoushiki_hebi,LUT-429,enemy,MON-429,,single_pick,1,1,,active,divine|D,legacy_alias=LUT-429
loot_monster_shumon_tori,monster_shumon_tori,LUT-430,enemy,MON-430,,single_pick,1,1,,active,divine|D,legacy_alias=LUT-430
loot_monster_junrei_katatsuburi,monster_junrei_katatsuburi,LUT-431,enemy,MON-431,,single_pick,1,1,,active,divine|D,legacy_alias=LUT-431
loot_monster_kagura_nezumi,monster_kagura_nezumi,LUT-432,enemy,MON-432,,single_pick,1,1,,active,divine|D,legacy_alias=LUT-432
loot_monster_torii_yamori,monster_torii_yamori,LUT-433,enemy,MON-433,,single_pick,1,1,,active,divine|D,legacy_alias=LUT-433
loot_monster_saisen_mushi,monster_saisen_mushi,LUT-434,enemy,MON-434,,single_pick,1,1,,active,divine|D,legacy_alias=LUT-434
loot_monster_shimei_tsuru,monster_shimei_tsuru,LUT-435,enemy,MON-435,,single_pick,1,1,,active,divine|D,legacy_alias=LUT-435
loot_monster_gishiki_same,monster_gishiki_same,LUT-436,enemy,MON-436,,single_pick,1,1,,active,divine|C,legacy_alias=LUT-436
loot_monster_na_mamori,monster_na_mamori,LUT-437,enemy,MON-437,,single_pick,1,1,,active,divine|C,legacy_alias=LUT-437
loot_monster_shiki_ou,monster_shiki_ou,LUT-438,enemy,MON-438,,single_pick,1,1,,active,divine|C,legacy_alias=LUT-438
loot_monster_mon_hashira_juu,monster_mon_hashira_juu,LUT-439,enemy,MON-439,,single_pick,1,1,,active,divine|C,legacy_alias=LUT-439
loot_monster_seiza_kemono,monster_seiza_kemono,LUT-440,enemy,MON-440,,single_pick,1,1,,active,divine|C,legacy_alias=LUT-440
loot_monster_kekkai_chou,monster_kekkai_chou,LUT-441,enemy,MON-441,,single_pick,1,1,,active,divine|C,legacy_alias=LUT-441
loot_monster_saidan_ishi,monster_saidan_ishi,LUT-442,enemy,MON-442,,single_pick,1,1,,active,divine|C,legacy_alias=LUT-442
loot_monster_meikan_toride,monster_meikan_toride,LUT-443,enemy,MON-443,,single_pick,1,1,,active,divine|C,legacy_alias=LUT-443
loot_monster_mon_waku_juu,monster_mon_waku_juu,LUT-444,enemy,MON-444,,single_pick,1,1,,active,divine|B,legacy_alias=LUT-444
loot_monster_sakai_no_me,monster_sakai_no_me,LUT-445,enemy,MON-445,,single_pick,1,1,,active,divine|B,legacy_alias=LUT-445
loot_monster_saiban_juu,monster_saiban_juu,LUT-446,enemy,MON-446,,single_pick,1,1,,active,divine|B,legacy_alias=LUT-446
loot_monster_tou_no_shimobe,monster_tou_no_shimobe,LUT-447,enemy,MON-447,,single_pick,1,1,,active,divine|B,legacy_alias=LUT-447
loot_monster_hoshinami,monster_hoshinami,LUT-448,enemy,MON-448,,single_pick,1,1,,active,divine|B,legacy_alias=LUT-448
loot_monster_kengen_shishi,monster_kengen_shishi,LUT-449,enemy,MON-449,,single_pick,1,1,,active,divine|B,legacy_alias=LUT-449
loot_monster_fuuin_mon_juu,monster_fuuin_mon_juu,LUT-450,enemy,MON-450,,single_pick,1,1,,active,divine|B,legacy_alias=LUT-450
loot_monster_shinmon_juu,monster_shinmon_juu,LUT-451,enemy,MON-451,,single_pick,1,1,,active,divine|B,legacy_alias=LUT-451
loot_monster_kodai_sabakinushi,monster_kodai_sabakinushi,LUT-452,enemy,MON-452,,single_pick,1,1,,active,divine|A,legacy_alias=LUT-452
loot_monster_kiroku_sabaki,monster_kiroku_sabaki,LUT-453,enemy,MON-453,,single_pick,1,1,,active,divine|A,legacy_alias=LUT-453
loot_monster_na_no_hakari,monster_na_no_hakari,LUT-454,enemy,MON-454,,single_pick,1,1,,active,divine|A,legacy_alias=LUT-454
loot_monster_ten_no_monjuu,monster_ten_no_monjuu,LUT-455,enemy,MON-455,,single_pick,1,1,,active,divine|A,legacy_alias=LUT-455
loot_monster_seimei_kanshi,monster_seimei_kanshi,LUT-456,enemy,MON-456,,single_pick,1,1,,active,divine|A,legacy_alias=LUT-456
loot_monster_mon_no_tsukurite,monster_mon_no_tsukurite,LUT-457,enemy,MON-457,,single_pick,1,1,,active,divine|A,legacy_alias=LUT-457
loot_monster_saigo_no_kanshu,monster_saigo_no_kanshu,LUT-458,enemy,MON-458,,single_pick,1,1,,active,divine|A,legacy_alias=LUT-458
loot_monster_kiroku_seido,monster_kiroku_seido,LUT-459,enemy,MON-459,,single_pick,1,1,,active,divine|A,legacy_alias=LUT-459
loot_monster_tou_no_ishi,monster_tou_no_ishi,LUT-460,enemy,MON-460,,single_pick,1,1,,active,divine|S,legacy_alias=LUT-460
loot_monster_sekai_no_nui,monster_sekai_no_nui,LUT-461,enemy,MON-461,,single_pick,1,1,,active,divine|S,legacy_alias=LUT-461
loot_monster_mon_no_shinzou,monster_mon_no_shinzou,LUT-462,enemy,MON-462,,single_pick,1,1,,active,divine|S,legacy_alias=LUT-462
loot_monster_shuuroku_no_kami,monster_shuuroku_no_kami,LUT-463,enemy,MON-463,,single_pick,1,1,,active,divine|S,legacy_alias=LUT-463
loot_monster_saigo_no_mon,monster_saigo_no_mon,LUT-464,enemy,MON-464,,single_pick,1,1,,active,divine|S,legacy_alias=LUT-464
loot_monster_mizutamari,monster_mizutamari,LUT-470,enemy,MON-470,,single_pick,1,1,,active,slime|E,legacy_alias=LUT-470
loot_monster_doro_damari,monster_doro_damari,LUT-471,enemy,MON-471,,single_pick,1,1,,active,slime|E,legacy_alias=LUT-471
loot_monster_jueki_shizuku,monster_jueki_shizuku,LUT-472,enemy,MON-472,,single_pick,1,1,,active,slime|E,legacy_alias=LUT-472
loot_monster_ame_neri,monster_ame_neri,LUT-473,enemy,MON-473,,single_pick,1,1,,active,slime|E,legacy_alias=LUT-473
loot_monster_shiokaze_neri,monster_shiokaze_neri,LUT-474,enemy,MON-474,,single_pick,1,1,,active,slime|E,legacy_alias=LUT-474
loot_monster_kokeawa,monster_kokeawa,LUT-475,enemy,MON-475,,single_pick,1,1,,active,slime|E,legacy_alias=LUT-475
loot_monster_hai_nendo,monster_hai_nendo,LUT-476,enemy,MON-476,,single_pick,1,1,,active,slime|E,legacy_alias=LUT-476
loot_monster_yudamari,monster_yudamari,LUT-477,enemy,MON-477,,single_pick,1,1,,active,slime|E,legacy_alias=LUT-477
loot_monster_tsuyu_damari,monster_tsuyu_damari,LUT-478,enemy,MON-478,,single_pick,1,1,,active,slime|E,legacy_alias=LUT-478
loot_monster_ami_neri,monster_ami_neri,LUT-479,enemy,MON-479,,single_pick,1,1,,active,slime|E,legacy_alias=LUT-479
loot_monster_sumi_damari,monster_sumi_damari,LUT-480,enemy,MON-480,,single_pick,1,1,,active,slime|D,legacy_alias=LUT-480
loot_monster_rou_nagare,monster_rou_nagare,LUT-481,enemy,MON-481,,single_pick,1,1,,active,slime|D,legacy_alias=LUT-481
loot_monster_taru_neri,monster_taru_neri,LUT-482,enemy,MON-482,,single_pick,1,1,,active,slime|D,legacy_alias=LUT-482
loot_monster_nori_damari,monster_nori_damari,LUT-483,enemy,MON-483,,single_pick,1,1,,active,slime|D,legacy_alias=LUT-483
loot_monster_taru_sumi,monster_taru_sumi,LUT-484,enemy,MON-484,,single_pick,1,1,,active,slime|D,legacy_alias=LUT-484
loot_monster_tsuchi_nendo,monster_tsuchi_nendo,LUT-485,enemy,MON-485,,single_pick,1,1,,active,slime|D,legacy_alias=LUT-485
loot_monster_senmen_sui,monster_senmen_sui,LUT-486,enemy,MON-486,,single_pick,1,1,,active,slime|D,legacy_alias=LUT-486
loot_monster_hikari_neri,monster_hikari_neri,LUT-487,enemy,MON-487,,single_pick,1,1,,active,slime|D,legacy_alias=LUT-487
loot_monster_kioku_tsubo,monster_kioku_tsubo,LUT-488,enemy,MON-488,,single_pick,1,1,,active,slime|C,legacy_alias=LUT-488
loot_monster_na_tokashi,monster_na_tokashi,LUT-489,enemy,MON-489,,single_pick,1,1,,active,slime|C,legacy_alias=LUT-489
loot_monster_mibun_neri,monster_mibun_neri,LUT-490,enemy,MON-490,,single_pick,1,1,,active,slime|C,legacy_alias=LUT-490
loot_monster_mon_shizuku,monster_mon_shizuku,LUT-491,enemy,MON-491,,single_pick,1,1,,active,slime|C,legacy_alias=LUT-491
loot_monster_kyoukai_neri,monster_kyoukai_neri,LUT-492,enemy,MON-492,,single_pick,1,1,,active,slime|C,legacy_alias=LUT-492
loot_monster_ushinawareta_na,monster_ushinawareta_na,LUT-493,enemy,MON-493,,single_pick,1,1,,active,slime|C,legacy_alias=LUT-493
loot_monster_mon_ekitai,monster_mon_ekitai,LUT-494,enemy,MON-494,,single_pick,1,1,,active,slime|B,legacy_alias=LUT-494
loot_monster_sekai_no_ase,monster_sekai_no_ase,LUT-495,enemy,MON-495,,single_pick,1,1,,active,slime|B,legacy_alias=LUT-495
loot_monster_kioku_no_umi,monster_kioku_no_umi,LUT-496,enemy,MON-496,,single_pick,1,1,,active,slime|B,legacy_alias=LUT-496
loot_monster_tsugime_neri,monster_tsugime_neri,LUT-497,enemy,MON-497,,single_pick,1,1,,active,slime|B,legacy_alias=LUT-497
loot_monster_motoumi_jel,monster_motoumi_jel,LUT-498,enemy,MON-498,,single_pick,1,1,,active,slime|B,legacy_alias=LUT-498
loot_monster_kodai_chosuichi,monster_kodai_chosuichi,LUT-499,enemy,MON-499,,single_pick,1,1,,active,slime|A,legacy_alias=LUT-499
loot_monster_mumei_no_umi,monster_mumei_no_umi,LUT-500,enemy,MON-500,,single_pick,1,1,,active,slime|A,legacy_alias=LUT-500
loot_monster_kioku_no_taki,monster_kioku_no_taki,LUT-501,enemy,MON-501,,single_pick,1,1,,active,slime|A,legacy_alias=LUT-501
loot_monster_genshi_ekitai,monster_genshi_ekitai,LUT-502,enemy,MON-502,,single_pick,1,1,,active,slime|A,legacy_alias=LUT-502
loot_monster_genshi_neri,monster_genshi_neri,LUT-503,enemy,MON-503,,single_pick,1,1,,active,slime|S,legacy_alias=LUT-503
loot_monster_sekai_no_namida,monster_sekai_no_namida,LUT-504,enemy,MON-504,,single_pick,1,1,,active,slime|S,legacy_alias=LUT-504
